序号,模块,Python功能,Rust实现,验证状态,跳过原因/备注
1,e_strategy,PinStatusDetector.check_long_entry(),✅ 已实现,Rust有4条件版本,4条件vs Python 7条件，用户确认4条件版本足够
2,e_strategy,PinStatusDetector.check_short_entry(),✅ 已实现,Rust有4条件版本,同check_long_entry
3,e_strategy,PinStatusDetector.check_long_exit(),✅ 已实现,Rust有4条件版本,同check_long_entry
4,e_strategy,PinStatusDetector.check_short_exit(),✅ 已实现,Rust有4条件版本,同check_long_entry
5,e_strategy,PinStatusDetector.check_long_hedge_condition(),✅ 已实现,Rust有4条件版本,同check_long_entry
6,e_strategy,PinStatusDetector.check_short_hedge_condition(),✅ 已实现,Rust有4条件版本,同check_long_entry
7,e_strategy,PinStatusDetector.check_exit_high_volatility(),✅ 已实现,Rust有4条件版本,同check_long_entry
8,e_strategy,TrendStatusDetector.check_long_entry(),✅ 已实现,signal_generator.rs已有完整实现,Pine颜色分组校验已实现
9,e_strategy,TrendStatusDetector.check_short_entry(),✅ 已实现,signal_generator.rs已有完整实现,Pine颜色分组校验已实现
10,e_strategy,TrendStatusDetector.check_long_exit(),✅ 已实现,signal_generator.rs已有完整实现,Pine颜色分组校验已实现
11,e_strategy,TrendStatusDetector.check_short_exit(),✅ 已实现,signal_generator.rs已有完整实现,Pine颜色分组校验已实现
12,e_strategy,TradingEngine状态机(HEDGE_ENTER等),⚠️ 部分实现,完整交易生命周期缺失,Rust已有部分状态
13,e_strategy,TradingEngine.health_check(),❌ 未实现,健康检查功能,待实现
14,e_strategy,TradingEngine.JSON持久化(_store_data/_load_data),❌ 未实现,交易数据持久化,需实现
15,e_strategy,TradingEngine.Redis分布式锁,❌ 未实现,分布式锁,依赖Redis客户端
16,d_risk_monitor,PnlManager.update_position_pnl(),❌ 未实现,Redis盈亏同步,依赖Redis客户端
17,d_risk_monitor,PnlManager.get_position_pnl(),❌ 未实现,Redis盈亏同步,依赖Redis客户端
18,d_risk_monitor,LocalPositionManager.this/past多维度持仓,❌ 未实现,多维度持仓功能缺失,按索引/项精准删除缺失
19,d_risk_monitor,LocalPositionManager.calculate_position_summary(),❌ 未实现,仓位汇总计算,平均价格/总数量/总价值计算缺失
20,d_risk_monitor,LocalPositionManager.JSON持久化,❌ 未实现,本地仓位持久化,JSON文件持久化缺失
21,d_risk_monitor,SymbolManager.register_symbol(),❌ 未实现,品种注册管理,需通过SymbolRulesFetcher实现
22,d_risk_monitor,SymbolManager进程锁,❌ 未实现,跨平台文件锁,fcntl/msvcrt文件锁缺失
23,d_risk_monitor,sync_account_data(),✅ 已实现,Binance REST API /api/v3/account,symbol_rules_fetcher.rs 已实现
24,d_risk_monitor,sync_position_data(),✅ 已实现,Binance REST API /api/v3/positionRisk,symbol_rules_fetcher.rs 已实现
25,d_risk_monitor,release_preoccupy_margin(),❌ 未实现,保证金预占释放,Lua原子操作缺失
26,d_risk_monitor,_preoccupy_margin() Lua脚本,✅ 已实现,用Rust RwLock管理原子性替代Lua
27,c_data_process,TR比率排名,✅ 已实现,indicator/volatility_rank.rs,VolatilityRank 内存数组 O(1)更新 O(logN)获取
28,c_data_process,速度百分位,❌ 未实现,多窗口动能指标,indicator模块尚未实现
29,c_data_process,加速度百分位,❌ 未实现,多窗口动能指标,indicator模块尚未实现
30,c_data_process,Power百分位,❌ 未实现,Power指标及百分比排位,indicator模块尚未实现
31,c_data_process,高阶动能(Jerk),❌ 未实现,急动度指标,indicator模块尚未实现
32,c_data_process,Pine CRSI计算,❌ 未实现,Pine循环指标,PINE_DOMCYCLE等缺失
33,c_data_process,MarketAnalyzer双通道(快速/慢速),⚠️ 部分实现,波动率通道已实现,Rust VolatilityChannel 已部分实现
34,c_data_process,上下轨计算(vectorized_db_ub),❌ 未实现,Pine脚本上下轨,indicator模块缺失
35,d_risk_monitor,SymbolRuleParser交易对规则API,✅ 已实现,symbol_rules_fetcher.rs,fetch_symbol_rules/fetch_account_info/fetch_position_risk 已实现
36,d_risk_monitor,LeverageCommissionCache,✅ 已实现,symbol_rules_fetcher.rs,基础架构完成,需增加杠杆档位缓存逻辑
37,a_common,Redis客户端完整封装,❌ 未实现,连接池/重连/序列化,依赖外部库选择
38,a_common,WebSocket Binance行情,❌ 未实现,心跳/重连/消息队列,Binance WebSocket缺失
39,a_common,Binance手续费率API,❌ 未实现,实时手续费率,依赖完整API客户端
40,e_strategy,MarketDetector.validate_data(),⚠️ 部分实现,数据有效性校验,Rust仅有基础校验
41,e_strategy,MarketDetector._record_history(),❌ 未实现,检测历史记录,Rust无历史记录功能
42,e_strategy,PinStatusDetector.load_indicator_data(),❌ 未实现,Redis指标数据加载,依赖Redis客户端
43,e_strategy,TrendStatusDetector._validate_pine_color_groups(),❌ 未实现,Pine颜色分组校验,多周期分组校验缺失
44,d_risk_monitor,AccountPool(熔断保护),✅ 已实现,shared/account_pool.rs,四层架构完整实现,核心功能完整
45,d_risk_monitor,StrategyPool(保证金池),✅ 已实现,core/strategy_pool.rs,四层架构完整实现,核心功能完整
46,d_risk_monitor,OrderCheck(预占/确认/取消),✅ 已实现,risk/order_check.rs,四层架构完整实现,核心功能完整(Lua未集成)
47,d_risk_monitor,minute_risk(分钟级风控),✅ 已实现,risk/minute_risk.rs,分钟/小时级风控计算,完全对标Python
48,d_risk_monitor,SymbolRules(规则校验),✅ 已实现,shared/symbol_rules.rs,有效最小数量/取整/验证,完全对标Python
49,d_risk_monitor,PnlManager.calculate_realized_pnl(),✅ 已实现,shared/pnl_manager.rs,已实现盈亏计算,基础计算完整
50,d_risk_monitor,PnlManager.calculate_unrealized_pnl(),✅ 已实现,shared/pnl_manager.rs,已实现盈亏计算,基础计算完整
51,d_risk_monitor,PnlManager.rescue_low_volatility_symbols(),✅ 已实现,shared/pnl_manager.rs,低波动品种解救,已实现
52,d_risk_monitor,PnlManager.update_cumulative_profit(),✅ 已实现,shared/pnl_manager.rs,累计盈利更新,已实现
53,d_risk_monitor,PnlManager.reset(),✅ 已实现,shared/pnl_manager.rs,策略重置,已实现
54,d_risk_monitor,LocalPositionManager.open_position(),✅ 已实现,position/position_manager.rs,开仓功能,基础CRUD完整
55,d_risk_monitor,LocalPositionManager.close_position(),✅ 已实现,position/position_manager.rs,平仓功能,基础CRUD完整
56,d_risk_monitor,LocalPositionManager.update_on_fill(),✅ 已实现,position/position_manager.rs,成交更新,基础CRUD完整
57,d_risk_monitor,LocalPositionManager.unrealized_pnl(),✅ 已实现,position/position_manager.rs,未实现盈亏,已实现
58,e_strategy,MarketStatusDetector(市场状态检测),✅ 已实现,shared/market_status.rs,基础检测完整,4条件vs Python 7条件
59,e_strategy,MarketDetector.detect_pin_status(),✅ 已实现,shared/market_status.rs,插针状态检测,已实现
60,e_strategy,MarketDetector.detect_range_status(),✅ 已实现,shared/market_status.rs,震荡状态检测,已实现
61,e_strategy,MarketDetector.detect_market(),✅ 已实现,shared/market_status.rs,主检测函数,已实现
62,e_strategy,TradingEngine.on_tick(),✅ 已实现,core/engine.rs,Tick处理,已实现
63,e_strategy,TradingEngine.execute_order(),✅ 已实现,core/engine.rs,订单执行,已实现
64,e_strategy,TradingEngine.update_indicators(),✅ 已实现,core/engine.rs,指标更新,已实现
65,c_data_process,EMA增量计算,✅ 已实现,indicator模块,EMA增量计算,已实现
66,c_data_process,RSI计算,✅ 已实现,indicator模块,RSI计算,已实现
67,c_data_process,Pine颜色,✅ 已实现,indicator模块,Pine颜色判断,已实现
68,c_data_process,价格位置,✅ 已实现,indicator模块,价格位置计算,已实现
69,order,SignalSynthesisLayer,Rust特有,信号综合层,Rust扩展功能
70,channel,VolatilityChannel,Rust特有,波动率通道,Rust扩展功能
71,channel,ModeSwitcher,Rust特有,模式切换器,Rust扩展功能
72,shared,RoundGuard,Rust特有,回合守卫,Rust扩展功能
73,shared,CheckpointLogger,Rust特有,检查点日志,Rust扩展功能
74,shared,CompositeCheckpointLogger,Rust特有,组合检查点,Rust扩展功能
75,persistence,MemoryBackup,Rust特有,内存备份,Rust扩展功能
76,persistence,SqliteEventRecorder,Rust特有,SQLite记录,Rust扩展功能
77,persistence,DisasterRecovery,Rust特有,灾备恢复,Rust扩展功能
78,shared,SymbolRulesFetcher,Rust特有,规则拉取,Rust扩展功能
79,shared,TelegramNotifier,Rust特有,Telegram通知,Rust扩展功能
